{
    "model": "1D-CNN",
    "features": [
        "mean_hr",
        "mean_spo2",
        "sd_hr",
        "sd_spo2",
        "skewness_hr",
        "skewness_spo2",
        "kurtosis_hr",
        "kurtosis_spo2",
        "max_xc_hr_spo2",
        "min_xc_hr_spo2",
        "sub",
        "sepsis_window",
        "blackout_window"
    ],
    "architecture": {
        "blocks": "Conv1D(32) \u2192 Conv1D(64) \u2192 Conv1D(128) \u2192 GAP",
        "dropout": 0.3,
        "batch_norm": true,
        "total_params": 23425,
        "trainable_params": 23425
    },
    "training": {
        "optimizer": "AdamW",
        "loss": "BCEWithLogitsLoss",
        "scheduler": "ReduceLROnPlateau",
        "early_stopping": "patience=10 on PR-AUC",
        "epochs_trained": 17,
        "best_val_pr_auc": 0.5365115074281296,
        "training_time_min": 12.17
    },
    "calibration": {
        "method": "Platt Scaling",
        "brier_before": 0.10938982665538788,
        "brier_after": 0.0038243883397528237
    },
    "threshold": {
        "value": 0.388,
        "metric": "F2-score",
        "f2_value": 0.5722627180093882
    },
    "window_metrics": {
        "accuracy": 0.9937018338587208,
        "precision": 0.987667009249743,
        "recall": 0.5003905233012237,
        "specificity": 0.9999212240470161,
        "f1": 0.6642474511836876,
        "f2": 0.5551704217215483,
        "ppv": 0.987667009249743,
        "npv": 0.9937401425185896,
        "roc_auc": 0.8557575875617771,
        "pr_auc": 0.532527573304252,
        "brier": 0.006466611577730747,
        "tp": 3844,
        "tn": 609275,
        "fp": 48,
        "fn": 3838
    },
    "patient_metrics": {
        "total": 66,
        "sepsis": 22,
        "normal": 44,
        "detected": 22,
        "missed": 0,
        "false_alarm": 7
    },
    "complexity": {
        "total_params": 23425,
        "training_min": 12.17,
        "inference_sec": 27.45,
        "per_sample_ms": 0.0445,
        "model_size_mb": 0.1,
        "scaler_size_kb": 0.86
    }
}