{
    "coef": 11.496826316349742,
    "intercept": -10.106065006357845,
    "method": "Platt Scaling"
}