{
    "level": "window",
    "threshold": 0.388,
    "accuracy": 0.9937018338587208,
    "precision": 0.987667009249743,
    "recall": 0.5003905233012237,
    "specificity": 0.9999212240470161,
    "f1": 0.6642474511836876,
    "f2": 0.5551704217215483,
    "ppv": 0.987667009249743,
    "npv": 0.9937401425185896,
    "roc_auc": 0.8557575875617771,
    "pr_auc": 0.532527573304252,
    "brier": 0.006466611577730747,
    "tp": 3844,
    "tn": 609275,
    "fp": 48,
    "fn": 3838
}