feature,mean_shap
mean_spo2,0.11695849036106849
sd_hr,0.07113667884000353
skewness_hr,0.040810214546751655
sd_spo2,0.029376036927338253
mean_hr,0.02625629876918483
skewness_spo2,0.018878350148130697
kurtosis_spo2,0.016851487174155716
max_xc_hr_spo2,0.015799906367995355
kurtosis_hr,0.013583932876540826
min_xc_hr_spo2,0.012005986491638771
sub,0.01155547217279704
blackout_window,0.004259321882375534
sepsis_window,0.0024068254670455997
