{
    "coef": 10.628489650654812,
    "intercept": -10.068857557643266,
    "method": "Platt Scaling"
}