{
    "level": "window",
    "threshold": 0.169,
    "accuracy": 0.9937423521689451,
    "precision": 0.9932868577330235,
    "recall": 0.5007810466024473,
    "specificity": 0.9999573296921337,
    "f1": 0.6658589355257464,
    "f2": 0.5559087887633305,
    "ppv": 0.9932868577330235,
    "npv": 0.9937452294122636,
    "roc_auc": 0.8687529952635732,
    "pr_auc": 0.5418617752976781,
    "brier": 0.007024109423276405,
    "tp": 3847,
    "tn": 609297,
    "fp": 26,
    "fn": 3835
}