{
    "level": "window",
    "threshold": 0.423,
    "accuracy": 0.9936126935762271,
    "precision": 0.9794924378364522,
    "recall": 0.49739651132517576,
    "specificity": 0.9998687067450268,
    "f1": 0.6597599930933264,
    "f2": 0.5517052181697422,
    "ppv": 0.9794924378364522,
    "npv": 0.993702536600642,
    "roc_auc": 0.8568045384694223,
    "pr_auc": 0.5327301158960936,
    "brier": 0.007873593220685126,
    "tp": 3821,
    "tn": 609243,
    "fp": 80,
    "fn": 3861
}