{
    "coef": 9.94562650838202,
    "intercept": -9.932465227944597,
    "method": "Platt Scaling"
}