feature,importance
sepsis_window,0.36835211817659547
skewness_hr,0.09124906829006352
sd_hr,0.08595211593115597
mean_spo2,0.08059330170921761
mean_hr,0.07109286435510505
max_xc_hr_spo2,0.07000032514731577
skewness_spo2,0.05137330537794933
sub,0.04124096245426831
sd_spo2,0.038920702523554146
min_xc_hr_spo2,0.03456573503012183
kurtosis_hr,0.03148613392957251
blackout_window,0.01780730558789601
kurtosis_spo2,0.01736606148718429
